Job Title,Company Name,Job Description,Location,Job Type,Salary Range,Experience Level,Skills Required,Industry,Posted Date,Employment Mode
Mobile App Developer,"Rodriguez, Figueroa and Sanchez","We are seeking a entry level Mobile App Developer to join our team at Rodriguez, Figueroa and Sanchez.
As part of the manufacturing industry, you'll be working on innovative solutions in a remote setup.
Responsibilities include collaborating with cross-functional teams, developing features using technologies like SQL, Docker, and contributing to scalable software architecture.","Lake Curtis, Saint Vincent and the Grenadines",Full-time,$84k - $96k,Entry,"SQL, Docker, UI Design, JavaScript",Manufacturing,4/12/2025,Remote
Cybersecurity Analyst,Garza Inc,"We are seeking a entry level Cybersecurity Analyst to join our team at Garza Inc.
As part of the technology industry, you'll be working on innovative solutions in a on-site setup.
Responsibilities include collaborating with cross-functional teams, developing features using technologies like SQL, Python, and contributing to scalable software architecture.","North Jefferyhaven, Netherlands Antilles",Internship,$84k - $117k,Entry,"SQL, Python, NoSQL, Node.js",Technology,2/21/2025,On-site
DevOps Engineer,"Gonzalez, Santos and Gardner","We are seeking a senior level DevOps Engineer to join our team at Gonzalez, Santos and Gardner.
As part of the healthcare industry, you'll be working on innovative solutions in a on-site setup.
Responsibilities include collaborating with cross-functional teams, developing features using technologies like Agile, Data Analysis, and contributing to scalable software architecture.","South Bridget, Sudan",Internship,$63k - $139k,Senior,"Agile, Data Analysis, Docker, React",Healthcare,2/19/2025,On-site
Backend Developer,Wolfe LLC,"We are seeking a entry level Backend Developer to join our team at Wolfe LLC.
As part of the retail industry, you'll be working on innovative solutions in a on-site setup.
Responsibilities include collaborating with cross-functional teams, developing features using technologies like UI Design, NoSQL, and contributing to scalable software architecture.","Ericmouth, Bosnia and Herzegovina",Full-time,$79k - $125k,Entry,"UI Design, NoSQL, Security, Python, TypeScript",Retail,2/28/2025,On-site
Data Scientist,Davis-Abbott,"We are seeking a entry level Data Scientist to join our team at Davis-Abbott.
As part of the education industry, you'll be working on innovative solutions in a remote setup.
Responsibilities include collaborating with cross-functional teams, developing features using technologies like AWS, React, and contributing to scalable software architecture.","Lindsaymouth, Martinique",Internship,$68k - $96k,Entry,"AWS, React, Python, Data Analysis, Node.js",Education,3/3/2025,Remote
Systems Analyst,Miller-Carter,"We are seeking a entry level Systems Analyst to join our team at Miller-Carter.
As part of the retail industry, you'll be working on innovative solutions in a remote setup.
Responsibilities include collaborating with cross-functional teams, developing features using technologies like UI Design, Kubernetes, and contributing to scalable software architecture.","Barbaraland, Aruba",Part-time,$67k - $135k,Entry,"UI Design, Kubernetes, CI/CD, Scrum, Node.js, Data Analysis",Retail,3/13/2025,Remote
Business Analyst,Galloway-Wyatt,"We are seeking a senior level Business Analyst to join our team at Galloway-Wyatt.
As part of the manufacturing industry, you'll be working on innovative solutions in a on-site setup.
Responsibilities include collaborating with cross-functional teams, developing features using technologies like Kubernetes, Scrum, and contributing to scalable software architecture.","South Joshuastad, Central African Republic",Full-time,$90k - $135k,Senior,"Kubernetes, Scrum, AWS, Docker",Manufacturing,3/26/2025,On-site
Cloud Architect,Clark-Adams,"We are seeking a senior level Cloud Architect to join our team at Clark-Adams.
As part of the healthcare industry, you'll be working on innovative solutions in a on-site setup.
Responsibilities include collaborating with cross-functional teams, developing features using technologies like JavaScript, Data Analysis, and contributing to scalable software architecture.","New Cynthiaside, Saint Lucia",Part-time,$54k - $104k,Senior,"JavaScript, Data Analysis, AWS, Docker",Healthcare,3/14/2025,On-site
Business Analyst,Ford LLC,"We are seeking a senior level Business Analyst to join our team at Ford LLC.
As part of the healthcare industry, you'll be working on innovative solutions in a on-site setup.
Responsibilities include collaborating with cross-functional teams, developing features using technologies like Security, Scrum, and contributing to scalable software architecture.","Lake Mark, Seychelles",Temporary,$85k - $125k,Senior,"Security, Scrum, React, Docker, CI/CD, Node.js",Healthcare,2/24/2025,On-site
Frontend Developer,Underwood LLC,"We are seeking a mid level Frontend Developer to join our team at Underwood LLC.
As part of the education industry, you'll be working on innovative solutions in a remote setup.
Responsibilities include collaborating with cross-functional teams, developing features using technologies like SQL, Docker, and contributing to scalable software architecture.","Adamsborough, United States Minor Outlying Islands",Temporary,$53k - $146k,Mid,"SQL, Docker, NoSQL, TypeScript, JavaScript",Education,4/15/2025,Remote
Data Scientist,"Edwards, Rios and Foster","We are seeking a senior level Data Scientist to join our team at Edwards, Rios and Foster.
As part of the finance industry, you'll be working on innovative solutions in a hybrid setup.
Responsibilities include collaborating with cross-functional teams, developing features using technologies like React, Security, and contributing to scalable software architecture.","Thomasberg, Egypt",Part-time,$66k - $126k,Senior,"React, Security, AWS, Machine Learning, SQL, NoSQL",Finance,4/14/2025,Hybrid
Systems Analyst,"Baker, Richards and Hurst","We are seeking a senior level Systems Analyst to join our team at Baker, Richards and Hurst.
As part of the manufacturing industry, you'll be working on innovative solutions in a on-site setup.
Responsibilities include collaborating with cross-functional teams, developing features using technologies like Data Analysis, Node.js, and contributing to scalable software architecture.","Coxberg, Madagascar",Full-time,$79k - $91k,Senior,"Data Analysis, Node.js, Docker, AWS, React",Manufacturing,4/7/2025,On-site
AI/ML Engineer,Campos Inc,"We are seeking a senior level AI/ML Engineer to join our team at Campos Inc.
As part of the telecommunications industry, you'll be working on innovative solutions in a on-site setup.
Responsibilities include collaborating with cross-functional teams, developing features using technologies like Machine Learning, AWS, and contributing to scalable software architecture.","Lake Ernest, Pitcairn Islands",Contract,$73k - $139k,Senior,"Machine Learning, AWS, React",Telecommunications,3/31/2025,On-site
Product Manager,"Brown, James and Ferrell","We are seeking a senior level Product Manager to join our team at Brown, James and Ferrell.
As part of the technology industry, you'll be working on innovative solutions in a hybrid setup.
Responsibilities include collaborating with cross-functional teams, developing features using technologies like CI/CD, Python, and contributing to scalable software architecture.","Tashatown, Pitcairn Islands",Temporary,$69k - $106k,Senior,"CI/CD, Python, JavaScript, Kubernetes, Security",Technology,3/2/2025,Hybrid
Software Engineer,"Dyer, Potter and Mack","We are seeking a senior level Software Engineer to join our team at Dyer, Potter and Mack.
As part of the technology industry, you'll be working on innovative solutions in a on-site setup.
Responsibilities include collaborating with cross-functional teams, developing features using technologies like React, Docker, and contributing to scalable software architecture.","Danielchester, Cayman Islands",Part-time,$60k - $107k,Senior,"React, Docker, TypeScript, Data Analysis, SQL, NoSQL",Technology,4/4/2025,On-site
Cloud Architect,Mckay Ltd,"We are seeking a mid level Cloud Architect to join our team at Mckay Ltd.
As part of the finance industry, you'll be working on innovative solutions in a hybrid setup.
Responsibilities include collaborating with cross-functional teams, developing features using technologies like Machine Learning, Security, and contributing to scalable software architecture.","Teresaburgh, Macedonia",Temporary,$73k - $119k,Mid,"Machine Learning, Security, Data Analysis, Scrum",Finance,3/1/2025,Hybrid
Business Analyst,"Evans, Fowler and Lynch","We are seeking a mid level Business Analyst to join our team at Evans, Fowler and Lynch.
As part of the technology industry, you'll be working on innovative solutions in a on-site setup.
Responsibilities include collaborating with cross-functional teams, developing features using technologies like React, Data Analysis, and contributing to scalable software architecture.","West Kathryn, Mauritania",Temporary,$85k - $105k,Mid,"React, Data Analysis, Python, Machine Learning",Technology,4/11/2025,On-site
Cybersecurity Analyst,George Group,"We are seeking a entry level Cybersecurity Analyst to join our team at George Group.
As part of the technology industry, you'll be working on innovative solutions in a hybrid setup.
Responsibilities include collaborating with cross-functional teams, developing features using technologies like SQL, React, and contributing to scalable software architecture.","North Sarahport, Dominican Republic",Part-time,$52k - $146k,Entry,"SQL, React, Scrum",Technology,2/24/2025,Hybrid
Backend Developer,Humphrey Inc,"We are seeking a senior level Backend Developer to join our team at Humphrey Inc.
As part of the finance industry, you'll be working on innovative solutions in a remote setup.
Responsibilities include collaborating with cross-functional teams, developing features using technologies like AWS, Docker, and contributing to scalable software architecture.","Lake Toddland, Senegal",Full-time,$65k - $141k,Senior,"AWS, Docker, UI Design, Machine Learning, Agile, SQL",Finance,4/11/2025,Remote
UI/UX Designer,Anderson Group,"We are seeking a entry level UI/UX Designer to join our team at Anderson Group.
As part of the technology industry, you'll be working on innovative solutions in a on-site setup.
Responsibilities include collaborating with cross-functional teams, developing features using technologies like UI Design, Agile, and contributing to scalable software architecture.","West Allison, Netherlands",Internship,$56k - $94k,Entry,"UI Design, Agile, AWS, SQL, TypeScript, Python",Technology,4/1/2025,On-site
Full Stack Developer,Hickman Ltd,"We are seeking a entry level Full Stack Developer to join our team at Hickman Ltd.
As part of the finance industry, you'll be working on innovative solutions in a on-site setup.
Responsibilities include collaborating with cross-functional teams, developing features using technologies like Scrum, Docker, and contributing to scalable software architecture.","Lake Larry, Paraguay",Contract,$67k - $120k,Entry,"Scrum, Docker, AWS, React",Finance,3/27/2025,On-site
DevOps Engineer,Lam-Hayes,"We are seeking a mid level DevOps Engineer to join our team at Lam-Hayes.
As part of the telecommunications industry, you'll be working on innovative solutions in a hybrid setup.
Responsibilities include collaborating with cross-functional teams, developing features using technologies like JavaScript, Python, and contributing to scalable software architecture.","East Caleb, Angola",Full-time,$65k - $101k,Mid,"JavaScript, Python, TypeScript",Telecommunications,4/17/2025,Hybrid
Full Stack Developer,"Hall, Robinson and Jones","We are seeking a mid level Full Stack Developer to join our team at Hall, Robinson and Jones.
As part of the finance industry, you'll be working on innovative solutions in a remote setup.
Responsibilities include collaborating with cross-functional teams, developing features using technologies like Kubernetes, Security, and contributing to scalable software architecture.","East Carloston, Tokelau",Internship,$74k - $107k,Mid,"Kubernetes, Security, Python",Finance,3/23/2025,Remote
Business Analyst,Palmer LLC,"We are seeking a mid level Business Analyst to join our team at Palmer LLC.
As part of the retail industry, you'll be working on innovative solutions in a hybrid setup.
Responsibilities include collaborating with cross-functional teams, developing features using technologies like Docker, AWS, and contributing to scalable software architecture.","Lewisberg, Saint Kitts and Nevis",Internship,$84k - $94k,Mid,"Docker, AWS, TypeScript, Node.js, Python, Machine Learning",Retail,4/15/2025,Hybrid
AI/ML Engineer,"Kennedy, Mueller and Aguirre","We are seeking a entry level AI/ML Engineer to join our team at Kennedy, Mueller and Aguirre.
As part of the technology industry, you'll be working on innovative solutions in a hybrid setup.
Responsibilities include collaborating with cross-functional teams, developing features using technologies like TypeScript, Kubernetes, and contributing to scalable software architecture.","North Collin, Jersey",Contract,$54k - $129k,Entry,"TypeScript, Kubernetes, Python, NoSQL, JavaScript, React",Technology,3/25/2025,Hybrid
Data Scientist,Jenkins-Shields,"We are seeking a mid level Data Scientist to join our team at Jenkins-Shields.
As part of the technology industry, you'll be working on innovative solutions in a hybrid setup.
Responsibilities include collaborating with cross-functional teams, developing features using technologies like JavaScript, React, and contributing to scalable software architecture.","Lake Deniseville, Bahamas",Part-time,$87k - $127k,Mid,"JavaScript, React, AWS, Data Analysis",Technology,3/30/2025,Hybrid
Cloud Architect,"Morgan, Hensley and Wright","We are seeking a mid level Cloud Architect to join our team at Morgan, Hensley and Wright.
As part of the finance industry, you'll be working on innovative solutions in a hybrid setup.
Responsibilities include collaborating with cross-functional teams, developing features using technologies like SQL, NoSQL, and contributing to scalable software architecture.","New Shane, Jamaica",Contract,$69k - $120k,Mid,"SQL, NoSQL, AWS, React, Data Analysis",Finance,3/8/2025,Hybrid
Backend Developer,Ford-Baxter,"We are seeking a entry level Backend Developer to join our team at Ford-Baxter.
As part of the retail industry, you'll be working on innovative solutions in a hybrid setup.
Responsibilities include collaborating with cross-functional teams, developing features using technologies like React, AWS, and contributing to scalable software architecture.","South Lindseyside, Bolivia",Full-time,$66k - $99k,Entry,"React, AWS, NoSQL",Retail,2/23/2025,Hybrid
Business Analyst,"Kidd, Huff and Novak","We are seeking a entry level Business Analyst to join our team at Kidd, Huff and Novak.
As part of the finance industry, you'll be working on innovative solutions in a remote setup.
Responsibilities include collaborating with cross-functional teams, developing features using technologies like Kubernetes, Scrum, and contributing to scalable software architecture.","East Richard, Liberia",Contract,$69k - $130k,Entry,"Kubernetes, Scrum, Agile, NoSQL, UI Design",Finance,3/11/2025,Remote
QA Engineer,Barrera-Martin,"We are seeking a entry level QA Engineer to join our team at Barrera-Martin.
As part of the manufacturing industry, you'll be working on innovative solutions in a hybrid setup.
Responsibilities include collaborating with cross-functional teams, developing features using technologies like Node.js, Docker, and contributing to scalable software architecture.","South Josephmouth, France",Temporary,$85k - $100k,Entry,"Node.js, Docker, CI/CD, JavaScript, Agile",Manufacturing,4/1/2025,Hybrid
Frontend Developer,"Bernard, Cowan and Peters","We are seeking a senior level Frontend Developer to join our team at Bernard, Cowan and Peters.
As part of the finance industry, you'll be working on innovative solutions in a hybrid setup.
Responsibilities include collaborating with cross-functional teams, developing features using technologies like AWS, NoSQL, and contributing to scalable software architecture.","Mooreport, Cuba",Contract,$53k - $96k,Senior,"AWS, NoSQL, CI/CD, SQL, Docker",Finance,2/24/2025,Hybrid
Mobile App Developer,"Fitzgerald, Brown and Edwards","We are seeking a mid level Mobile App Developer to join our team at Fitzgerald, Brown and Edwards.
As part of the technology industry, you'll be working on innovative solutions in a on-site setup.
Responsibilities include collaborating with cross-functional teams, developing features using technologies like Docker, NoSQL, and contributing to scalable software architecture.","New Thomashaven, Cayman Islands",Internship,$85k - $136k,Mid,"Docker, NoSQL, React, UI Design, SQL",Technology,2/24/2025,On-site
Full Stack Developer,"Miller, Lopez and Larson","We are seeking a entry level Full Stack Developer to join our team at Miller, Lopez and Larson.
As part of the technology industry, you'll be working on innovative solutions in a on-site setup.
Responsibilities include collaborating with cross-functional teams, developing features using technologies like JavaScript, UI Design, and contributing to scalable software architecture.","South David, Tuvalu",Temporary,$59k - $118k,Entry,"JavaScript, UI Design, Machine Learning, NoSQL",Technology,4/15/2025,On-site
Product Manager,Riley Inc,"We are seeking a mid level Product Manager to join our team at Riley Inc.
As part of the healthcare industry, you'll be working on innovative solutions in a on-site setup.
Responsibilities include collaborating with cross-functional teams, developing features using technologies like AWS, SQL, and contributing to scalable software architecture.","South Dianeshire, Maldives",Full-time,$85k - $147k,Mid,"AWS, SQL, Data Analysis, JavaScript, Kubernetes",Healthcare,3/21/2025,On-site
Systems Analyst,Harris-Moran,"We are seeking a senior level Systems Analyst to join our team at Harris-Moran.
As part of the manufacturing industry, you'll be working on innovative solutions in a on-site setup.
Responsibilities include collaborating with cross-functional teams, developing features using technologies like Kubernetes, TypeScript, and contributing to scalable software architecture.","West Randy, Paraguay",Internship,$51k - $102k,Senior,"Kubernetes, TypeScript, Scrum, AWS",Manufacturing,3/20/2025,On-site
AI/ML Engineer,Stewart-Walton,"We are seeking a mid level AI/ML Engineer to join our team at Stewart-Walton.
As part of the telecommunications industry, you'll be working on innovative solutions in a hybrid setup.
Responsibilities include collaborating with cross-functional teams, developing features using technologies like NoSQL, Kubernetes, and contributing to scalable software architecture.","North Stephenshire, Bolivia",Contract,$56k - $115k,Mid,"NoSQL, Kubernetes, Security, UI Design",Telecommunications,2/26/2025,Hybrid
Systems Analyst,"Lewis, Baker and Mahoney","We are seeking a mid level Systems Analyst to join our team at Lewis, Baker and Mahoney.
As part of the finance industry, you'll be working on innovative solutions in a on-site setup.
Responsibilities include collaborating with cross-functional teams, developing features using technologies like UI Design, Machine Learning, and contributing to scalable software architecture.","East Mikeburgh, Kazakhstan",Full-time,$51k - $133k,Mid,"UI Design, Machine Learning, Agile, Security, Node.js, Scrum",Finance,4/12/2025,On-site
DevOps Engineer,"Turner, Riggs and Roman","We are seeking a mid level DevOps Engineer to join our team at Turner, Riggs and Roman.
As part of the healthcare industry, you'll be working on innovative solutions in a on-site setup.
Responsibilities include collaborating with cross-functional teams, developing features using technologies like UI Design, Security, and contributing to scalable software architecture.","Lake Lisaport, Venezuela",Internship,$71k - $92k,Mid,"UI Design, Security, Data Analysis, Agile, NoSQL",Healthcare,3/1/2025,On-site
Data Scientist,Baker Inc,"We are seeking a entry level Data Scientist to join our team at Baker Inc.
As part of the education industry, you'll be working on innovative solutions in a remote setup.
Responsibilities include collaborating with cross-functional teams, developing features using technologies like Node.js, Agile, and contributing to scalable software architecture.","West Juan, Cote d'Ivoire",Contract,$70k - $118k,Entry,"Node.js, Agile, Kubernetes",Education,3/24/2025,Remote
Cybersecurity Analyst,Watts LLC,"We are seeking a entry level Cybersecurity Analyst to join our team at Watts LLC.
As part of the retail industry, you'll be working on innovative solutions in a hybrid setup.
Responsibilities include collaborating with cross-functional teams, developing features using technologies like NoSQL, JavaScript, and contributing to scalable software architecture.","Kington, Bermuda",Temporary,$50k - $124k,Entry,"NoSQL, JavaScript, UI Design, AWS",Retail,4/1/2025,Hybrid
Business Analyst,Williams-Cook,"We are seeking a senior level Business Analyst to join our team at Williams-Cook.
As part of the manufacturing industry, you'll be working on innovative solutions in a hybrid setup.
Responsibilities include collaborating with cross-functional teams, developing features using technologies like UI Design, Agile, and contributing to scalable software architecture.","Lake Tina, Central African Republic",Temporary,$71k - $130k,Senior,"UI Design, Agile, JavaScript, Data Analysis",Manufacturing,4/2/2025,Hybrid
Backend Developer,"Thornton, Hoffman and Rodriguez","We are seeking a senior level Backend Developer to join our team at Thornton, Hoffman and Rodriguez.
As part of the healthcare industry, you'll be working on innovative solutions in a hybrid setup.
Responsibilities include collaborating with cross-functional teams, developing features using technologies like Agile, Data Analysis, and contributing to scalable software architecture.","New Barry, Heard Island and McDonald Islands",Full-time,$85k - $99k,Senior,"Agile, Data Analysis, AWS, UI Design, Docker",Healthcare,4/16/2025,Hybrid
DevOps Engineer,"Hernandez, Anderson and Parker","We are seeking a senior level DevOps Engineer to join our team at Hernandez, Anderson and Parker.
As part of the retail industry, you'll be working on innovative solutions in a hybrid setup.
Responsibilities include collaborating with cross-functional teams, developing features using technologies like Machine Learning, Security, and contributing to scalable software architecture.","West Jasonbury, Papua New Guinea",Internship,$50k - $110k,Senior,"Machine Learning, Security, NoSQL, Agile",Retail,2/28/2025,Hybrid
Frontend Developer,Deleon-Henson,"We are seeking a mid level Frontend Developer to join our team at Deleon-Henson.
As part of the telecommunications industry, you'll be working on innovative solutions in a hybrid setup.
Responsibilities include collaborating with cross-functional teams, developing features using technologies like Scrum, TypeScript, and contributing to scalable software architecture.","Dicksonberg, Uzbekistan",Part-time,$82k - $121k,Mid,"Scrum, TypeScript, SQL, Data Analysis, Node.js",Telecommunications,3/13/2025,Hybrid
QA Engineer,Cherry and Sons,"We are seeking a senior level QA Engineer to join our team at Cherry and Sons.
As part of the technology industry, you'll be working on innovative solutions in a remote setup.
Responsibilities include collaborating with cross-functional teams, developing features using technologies like React, SQL, and contributing to scalable software architecture.","Johnsonmouth, Slovenia",Part-time,$62k - $100k,Senior,"React, SQL, Data Analysis, Docker, Node.js",Technology,3/30/2025,Remote
Software Engineer,"Shields, Cochran and Adams","We are seeking a entry level Software Engineer to join our team at Shields, Cochran and Adams.
As part of the retail industry, you'll be working on innovative solutions in a hybrid setup.
Responsibilities include collaborating with cross-functional teams, developing features using technologies like Scrum, Agile, and contributing to scalable software architecture.","South Monicafort, Cyprus",Full-time,$90k - $127k,Entry,"Scrum, Agile, TypeScript",Retail,3/10/2025,Hybrid
DevOps Engineer,Bailey-Hoover,"We are seeking a mid level DevOps Engineer to join our team at Bailey-Hoover.
As part of the retail industry, you'll be working on innovative solutions in a on-site setup.
Responsibilities include collaborating with cross-functional teams, developing features using technologies like Python, Node.js, and contributing to scalable software architecture.","East Andrew, Congo",Internship,$64k - $102k,Mid,"Python, Node.js, Security, AWS",Retail,3/29/2025,On-site
QA Engineer,Ramirez-Jones,"We are seeking a mid level QA Engineer to join our team at Ramirez-Jones.
As part of the technology industry, you'll be working on innovative solutions in a hybrid setup.
Responsibilities include collaborating with cross-functional teams, developing features using technologies like Node.js, Scrum, and contributing to scalable software architecture.","Michaelhaven, Iran",Temporary,$79k - $133k,Mid,"Node.js, Scrum, React, Security",Technology,4/12/2025,Hybrid
Cloud Architect,Crosby-Wilson,"We are seeking a senior level Cloud Architect to join our team at Crosby-Wilson.
As part of the healthcare industry, you'll be working on innovative solutions in a remote setup.
Responsibilities include collaborating with cross-functional teams, developing features using technologies like Scrum, Kubernetes, and contributing to scalable software architecture.","Gregoryview, Argentina",Temporary,$66k - $139k,Senior,"Scrum, Kubernetes, UI Design, Agile, SQL, Security",Healthcare,3/1/2025,Remote
DevOps Engineer,"Hamilton, Chandler and Edwards","We are seeking a senior level DevOps Engineer to join our team at Hamilton, Chandler and Edwards.
As part of the retail industry, you'll be working on innovative solutions in a hybrid setup.
Responsibilities include collaborating with cross-functional teams, developing features using technologies like NoSQL, Scrum, and contributing to scalable software architecture.","South Rachelborough, Equatorial Guinea",Contract,$68k - $106k,Senior,"NoSQL, Scrum, JavaScript, UI Design",Retail,2/23/2025,Hybrid
Frontend Developer,"Graham, Meyer and Drake","We are seeking a mid level Frontend Developer to join our team at Graham, Meyer and Drake.
As part of the education industry, you'll be working on innovative solutions in a on-site setup.
Responsibilities include collaborating with cross-functional teams, developing features using technologies like Docker, SQL, and contributing to scalable software architecture.","West Ryan, Yemen",Contract,$59k - $136k,Mid,"Docker, SQL, AWS, UI Design",Education,3/23/2025,On-site
DevOps Engineer,"Edwards, Charles and Cortez","We are seeking a mid level DevOps Engineer to join our team at Edwards, Charles and Cortez.
As part of the retail industry, you'll be working on innovative solutions in a remote setup.
Responsibilities include collaborating with cross-functional teams, developing features using technologies like Agile, JavaScript, and contributing to scalable software architecture.","Williamchester, Greece",Full-time,$87k - $135k,Mid,"Agile, JavaScript, Node.js, TypeScript, AWS, Security",Retail,3/30/2025,Remote
Software Engineer,"Phillips, Martinez and Fisher","We are seeking a mid level Software Engineer to join our team at Phillips, Martinez and Fisher.
As part of the retail industry, you'll be working on innovative solutions in a on-site setup.
Responsibilities include collaborating with cross-functional teams, developing features using technologies like Machine Learning, Security, and contributing to scalable software architecture.","Byrdburgh, New Zealand",Temporary,$84k - $138k,Mid,"Machine Learning, Security, Agile, Scrum, AWS",Retail,4/15/2025,On-site
AI/ML Engineer,Sullivan-Bass,"We are seeking a senior level AI/ML Engineer to join our team at Sullivan-Bass.
As part of the finance industry, you'll be working on innovative solutions in a remote setup.
Responsibilities include collaborating with cross-functional teams, developing features using technologies like NoSQL, Agile, and contributing to scalable software architecture.","Justinchester, Solomon Islands",Temporary,$74k - $112k,Senior,"NoSQL, Agile, SQL, Python",Finance,4/16/2025,Remote
Mobile App Developer,"Pena, Marshall and Ramos","We are seeking a senior level Mobile App Developer to join our team at Pena, Marshall and Ramos.
As part of the finance industry, you'll be working on innovative solutions in a remote setup.
Responsibilities include collaborating with cross-functional teams, developing features using technologies like Python, Security, and contributing to scalable software architecture.","New Thomas, United Arab Emirates",Internship,$51k - $96k,Senior,"Python, Security, Machine Learning, Scrum",Finance,3/7/2025,Remote
Mobile App Developer,"Miller, Robertson and Schultz","We are seeking a entry level Mobile App Developer to join our team at Miller, Robertson and Schultz.
As part of the telecommunications industry, you'll be working on innovative solutions in a remote setup.
Responsibilities include collaborating with cross-functional teams, developing features using technologies like JavaScript, NoSQL, and contributing to scalable software architecture.","Clarencebury, Peru",Internship,$63k - $120k,Entry,"JavaScript, NoSQL, AWS, Kubernetes",Telecommunications,3/21/2025,Remote
Backend Developer,Drake and Sons,"We are seeking a mid level Backend Developer to join our team at Drake and Sons.
As part of the healthcare industry, you'll be working on innovative solutions in a remote setup.
Responsibilities include collaborating with cross-functional teams, developing features using technologies like React, CI/CD, and contributing to scalable software architecture.","North Johnfort, New Caledonia",Contract,$53k - $113k,Mid,"React, CI/CD, Python, UI Design, NoSQL",Healthcare,2/26/2025,Remote
DevOps Engineer,Perry-Soto,"We are seeking a senior level DevOps Engineer to join our team at Perry-Soto.
As part of the technology industry, you'll be working on innovative solutions in a on-site setup.
Responsibilities include collaborating with cross-functional teams, developing features using technologies like AWS, Python, and contributing to scalable software architecture.","Lake Heather, Lithuania",Full-time,$65k - $99k,Senior,"AWS, Python, Machine Learning, React",Technology,3/29/2025,On-site
UI/UX Designer,Hernandez Ltd,"We are seeking a senior level UI/UX Designer to join our team at Hernandez Ltd.
As part of the finance industry, you'll be working on innovative solutions in a remote setup.
Responsibilities include collaborating with cross-functional teams, developing features using technologies like UI Design, Kubernetes, and contributing to scalable software architecture.","Port Michelleville, Slovakia (Slovak Republic)",Full-time,$57k - $140k,Senior,"UI Design, Kubernetes, Machine Learning, Scrum, TypeScript",Finance,4/1/2025,Remote
Systems Analyst,Thompson Ltd,"We are seeking a mid level Systems Analyst to join our team at Thompson Ltd.
As part of the technology industry, you'll be working on innovative solutions in a hybrid setup.
Responsibilities include collaborating with cross-functional teams, developing features using technologies like Machine Learning, Security, and contributing to scalable software architecture.","Williamsbury, United States Virgin Islands",Part-time,$62k - $95k,Mid,"Machine Learning, Security, AWS",Technology,3/2/2025,Hybrid
Cybersecurity Analyst,Anderson-Marshall,"We are seeking a entry level Cybersecurity Analyst to join our team at Anderson-Marshall.
As part of the manufacturing industry, you'll be working on innovative solutions in a remote setup.
Responsibilities include collaborating with cross-functional teams, developing features using technologies like JavaScript, UI Design, and contributing to scalable software architecture.","Stephaniemouth, New Caledonia",Part-time,$77k - $133k,Entry,"JavaScript, UI Design, NoSQL",Manufacturing,4/9/2025,Remote
Backend Developer,Rivas-Kelley,"We are seeking a senior level Backend Developer to join our team at Rivas-Kelley.
As part of the manufacturing industry, you'll be working on innovative solutions in a remote setup.
Responsibilities include collaborating with cross-functional teams, developing features using technologies like Agile, CI/CD, and contributing to scalable software architecture.","Lake Michelle, Korea",Full-time,$77k - $114k,Senior,"Agile, CI/CD, JavaScript",Manufacturing,3/16/2025,Remote
Mobile App Developer,Larsen LLC,"We are seeking a senior level Mobile App Developer to join our team at Larsen LLC.
As part of the finance industry, you'll be working on innovative solutions in a remote setup.
Responsibilities include collaborating with cross-functional teams, developing features using technologies like TypeScript, NoSQL, and contributing to scalable software architecture.","Simsview, Kazakhstan",Internship,$84k - $140k,Senior,"TypeScript, NoSQL, Machine Learning, Security",Finance,2/26/2025,Remote
UI/UX Designer,"Mitchell, Nelson and Flores","We are seeking a mid level UI/UX Designer to join our team at Mitchell, Nelson and Flores.
As part of the telecommunications industry, you'll be working on innovative solutions in a hybrid setup.
Responsibilities include collaborating with cross-functional teams, developing features using technologies like Data Analysis, SQL, and contributing to scalable software architecture.","East Edwardfurt, Puerto Rico",Internship,$78k - $106k,Mid,"Data Analysis, SQL, Agile, JavaScript, Docker",Telecommunications,3/5/2025,Hybrid
QA Engineer,"Lewis, Perry and Rivera","We are seeking a senior level QA Engineer to join our team at Lewis, Perry and Rivera.
As part of the education industry, you'll be working on innovative solutions in a hybrid setup.
Responsibilities include collaborating with cross-functional teams, developing features using technologies like Data Analysis, Python, and contributing to scalable software architecture.","Perryborough, Syrian Arab Republic",Internship,$81k - $104k,Senior,"Data Analysis, Python, SQL, Agile, Kubernetes, React",Education,3/31/2025,Hybrid
Backend Developer,Stein-Silva,"We are seeking a mid level Backend Developer to join our team at Stein-Silva.
As part of the healthcare industry, you'll be working on innovative solutions in a hybrid setup.
Responsibilities include collaborating with cross-functional teams, developing features using technologies like Python, AWS, and contributing to scalable software architecture.","Port Nicoleshire, Hong Kong",Contract,$76k - $122k,Mid,"Python, AWS, JavaScript, Node.js, UI Design",Healthcare,4/6/2025,Hybrid
Cloud Architect,Bender LLC,"We are seeking a senior level Cloud Architect to join our team at Bender LLC.
As part of the retail industry, you'll be working on innovative solutions in a hybrid setup.
Responsibilities include collaborating with cross-functional teams, developing features using technologies like Scrum, Python, and contributing to scalable software architecture.","Castanedachester, Martinique",Part-time,$65k - $110k,Senior,"Scrum, Python, JavaScript, Docker, Node.js, AWS",Retail,4/13/2025,Hybrid
Mobile App Developer,"Hurst, Freeman and Nelson","We are seeking a mid level Mobile App Developer to join our team at Hurst, Freeman and Nelson.
As part of the retail industry, you'll be working on innovative solutions in a hybrid setup.
Responsibilities include collaborating with cross-functional teams, developing features using technologies like Agile, Data Analysis, and contributing to scalable software architecture.","Johnsonmouth, Paraguay",Temporary,$67k - $110k,Mid,"Agile, Data Analysis, Kubernetes, UI Design, SQL",Retail,3/30/2025,Hybrid
Frontend Developer,"Martin, Mcdonald and Anderson","We are seeking a entry level Frontend Developer to join our team at Martin, Mcdonald and Anderson.
As part of the manufacturing industry, you'll be working on innovative solutions in a on-site setup.
Responsibilities include collaborating with cross-functional teams, developing features using technologies like Node.js, Kubernetes, and contributing to scalable software architecture.","South Brittanytown, Belize",Part-time,$80k - $108k,Entry,"Node.js, Kubernetes, TypeScript, Scrum, UI Design",Manufacturing,4/1/2025,On-site
AI/ML Engineer,Camacho and Sons,"We are seeking a senior level AI/ML Engineer to join our team at Camacho and Sons.
As part of the education industry, you'll be working on innovative solutions in a remote setup.
Responsibilities include collaborating with cross-functional teams, developing features using technologies like AWS, Machine Learning, and contributing to scalable software architecture.","West Nicholasborough, Korea",Temporary,$73k - $102k,Senior,"AWS, Machine Learning, Node.js",Education,3/22/2025,Remote
Frontend Developer,Juarez-Gray,"We are seeking a senior level Frontend Developer to join our team at Juarez-Gray.
As part of the education industry, you'll be working on innovative solutions in a on-site setup.
Responsibilities include collaborating with cross-functional teams, developing features using technologies like JavaScript, TypeScript, and contributing to scalable software architecture.","Kingland, Latvia",Full-time,$58k - $131k,Senior,"JavaScript, TypeScript, NoSQL, Docker, UI Design",Education,2/20/2025,On-site
Systems Analyst,"Ryan, Cooke and Bell","We are seeking a entry level Systems Analyst to join our team at Ryan, Cooke and Bell.
As part of the telecommunications industry, you'll be working on innovative solutions in a on-site setup.
Responsibilities include collaborating with cross-functional teams, developing features using technologies like CI/CD, TypeScript, and contributing to scalable software architecture.","Port Susanton, Saudi Arabia",Internship,$53k - $107k,Entry,"CI/CD, TypeScript, SQL, Kubernetes, React",Telecommunications,2/22/2025,On-site
Systems Analyst,Gonzalez Inc,"We are seeking a entry level Systems Analyst to join our team at Gonzalez Inc.
As part of the telecommunications industry, you'll be working on innovative solutions in a on-site setup.
Responsibilities include collaborating with cross-functional teams, developing features using technologies like CI/CD, React, and contributing to scalable software architecture.","East David, Paraguay",Internship,$59k - $100k,Entry,"CI/CD, React, Machine Learning, Data Analysis, Agile, Python",Telecommunications,3/2/2025,On-site
QA Engineer,"Gould, Marshall and Scott","We are seeking a mid level QA Engineer to join our team at Gould, Marshall and Scott.
As part of the technology industry, you'll be working on innovative solutions in a on-site setup.
Responsibilities include collaborating with cross-functional teams, developing features using technologies like Agile, SQL, and contributing to scalable software architecture.","Garyville, Slovakia (Slovak Republic)",Temporary,$83k - $115k,Mid,"Agile, SQL, Security",Technology,3/6/2025,On-site
UI/UX Designer,Rodriguez-Johnson,"We are seeking a mid level UI/UX Designer to join our team at Rodriguez-Johnson.
As part of the telecommunications industry, you'll be working on innovative solutions in a hybrid setup.
Responsibilities include collaborating with cross-functional teams, developing features using technologies like Machine Learning, JavaScript, and contributing to scalable software architecture.","Barbarafurt, Indonesia",Internship,$90k - $104k,Mid,"Machine Learning, JavaScript, TypeScript, UI Design, CI/CD, Node.js",Telecommunications,3/10/2025,Hybrid
Frontend Developer,Vargas Ltd,"We are seeking a entry level Frontend Developer to join our team at Vargas Ltd.
As part of the finance industry, you'll be working on innovative solutions in a on-site setup.
Responsibilities include collaborating with cross-functional teams, developing features using technologies like Kubernetes, Python, and contributing to scalable software architecture.","North Heidi, Gabon",Full-time,$78k - $135k,Entry,"Kubernetes, Python, AWS",Finance,4/18/2025,On-site
Cybersecurity Analyst,Hogan PLC,"We are seeking a mid level Cybersecurity Analyst to join our team at Hogan PLC.
As part of the technology industry, you'll be working on innovative solutions in a on-site setup.
Responsibilities include collaborating with cross-functional teams, developing features using technologies like Machine Learning, Scrum, and contributing to scalable software architecture.","West Amandastad, Bangladesh",Internship,$66k - $141k,Mid,"Machine Learning, Scrum, JavaScript, Data Analysis, Node.js",Technology,4/9/2025,On-site
QA Engineer,"Peterson, Atkinson and Short","We are seeking a senior level QA Engineer to join our team at Peterson, Atkinson and Short.
As part of the telecommunications industry, you'll be working on innovative solutions in a on-site setup.
Responsibilities include collaborating with cross-functional teams, developing features using technologies like Node.js, SQL, and contributing to scalable software architecture.","South Susanmouth, Russian Federation",Temporary,$54k - $94k,Senior,"Node.js, SQL, Data Analysis, React, Docker, Agile",Telecommunications,3/5/2025,On-site
Product Manager,Thompson-Boyd,"We are seeking a senior level Product Manager to join our team at Thompson-Boyd.
As part of the manufacturing industry, you'll be working on innovative solutions in a hybrid setup.
Responsibilities include collaborating with cross-functional teams, developing features using technologies like Scrum, Node.js, and contributing to scalable software architecture.","Christinaside, Singapore",Contract,$75k - $108k,Senior,"Scrum, Node.js, SQL, UI Design, Docker",Manufacturing,4/6/2025,Hybrid
Cloud Architect,Graham-Simon,"We are seeking a mid level Cloud Architect to join our team at Graham-Simon.
As part of the retail industry, you'll be working on innovative solutions in a on-site setup.
Responsibilities include collaborating with cross-functional teams, developing features using technologies like Agile, Data Analysis, and contributing to scalable software architecture.","Marcusbury, Switzerland",Temporary,$66k - $92k,Mid,"Agile, Data Analysis, Machine Learning",Retail,2/27/2025,On-site
Data Scientist,Keith-Sanchez,"We are seeking a senior level Data Scientist to join our team at Keith-Sanchez.
As part of the telecommunications industry, you'll be working on innovative solutions in a hybrid setup.
Responsibilities include collaborating with cross-functional teams, developing features using technologies like NoSQL, JavaScript, and contributing to scalable software architecture.","Hudsonfurt, Guadeloupe",Part-time,$61k - $121k,Senior,"NoSQL, JavaScript, Security",Telecommunications,2/21/2025,Hybrid
Cloud Architect,Rosales-White,"We are seeking a mid level Cloud Architect to join our team at Rosales-White.
As part of the finance industry, you'll be working on innovative solutions in a hybrid setup.
Responsibilities include collaborating with cross-functional teams, developing features using technologies like CI/CD, React, and contributing to scalable software architecture.","West Lauren, Guam",Internship,$70k - $133k,Mid,"CI/CD, React, SQL, Kubernetes, AWS, Agile",Finance,3/18/2025,Hybrid
Data Scientist,"Haynes, Hill and Smith","We are seeking a mid level Data Scientist to join our team at Haynes, Hill and Smith.
As part of the retail industry, you'll be working on innovative solutions in a hybrid setup.
Responsibilities include collaborating with cross-functional teams, developing features using technologies like Machine Learning, Security, and contributing to scalable software architecture.","North John, Ireland",Part-time,$79k - $96k,Mid,"Machine Learning, Security, Agile, CI/CD, NoSQL, Python",Retail,4/7/2025,Hybrid
Backend Developer,"Chang, Vaughn and Brewer","We are seeking a mid level Backend Developer to join our team at Chang, Vaughn and Brewer.
As part of the technology industry, you'll be working on innovative solutions in a remote setup.
Responsibilities include collaborating with cross-functional teams, developing features using technologies like Scrum, Agile, and contributing to scalable software architecture.","Westtown, Bermuda",Contract,$62k - $124k,Mid,"Scrum, Agile, Python",Technology,3/19/2025,Remote
Backend Developer,Sullivan and Sons,"We are seeking a mid level Backend Developer to join our team at Sullivan and Sons.
As part of the manufacturing industry, you'll be working on innovative solutions in a remote setup.
Responsibilities include collaborating with cross-functional teams, developing features using technologies like AWS, NoSQL, and contributing to scalable software architecture.","Elizabethstad, Lebanon",Temporary,$58k - $150k,Mid,"AWS, NoSQL, CI/CD",Manufacturing,4/13/2025,Remote
Frontend Developer,"Cooper, Barajas and Pierce","We are seeking a senior level Frontend Developer to join our team at Cooper, Barajas and Pierce.
As part of the retail industry, you'll be working on innovative solutions in a on-site setup.
Responsibilities include collaborating with cross-functional teams, developing features using technologies like SQL, Kubernetes, and contributing to scalable software architecture.","Jacquelineview, Gambia",Internship,$85k - $91k,Senior,"SQL, Kubernetes, Docker",Retail,3/15/2025,On-site
Cloud Architect,Martinez and Sons,"We are seeking a entry level Cloud Architect to join our team at Martinez and Sons.
As part of the finance industry, you'll be working on innovative solutions in a on-site setup.
Responsibilities include collaborating with cross-functional teams, developing features using technologies like Node.js, Docker, and contributing to scalable software architecture.","Davidside, Zambia",Internship,$67k - $117k,Entry,"Node.js, Docker, SQL, UI Design, CI/CD, NoSQL",Finance,3/8/2025,On-site
Systems Analyst,Robinson Group,"We are seeking a mid level Systems Analyst to join our team at Robinson Group.
As part of the finance industry, you'll be working on innovative solutions in a remote setup.
Responsibilities include collaborating with cross-functional teams, developing features using technologies like Security, AWS, and contributing to scalable software architecture.","Jennyhaven, Nauru",Internship,$82k - $138k,Mid,"Security, AWS, Scrum, Machine Learning",Finance,3/18/2025,Remote
Business Analyst,Wall LLC,"We are seeking a entry level Business Analyst to join our team at Wall LLC.
As part of the healthcare industry, you'll be working on innovative solutions in a remote setup.
Responsibilities include collaborating with cross-functional teams, developing features using technologies like TypeScript, NoSQL, and contributing to scalable software architecture.","West Harry, American Samoa",Part-time,$69k - $144k,Entry,"TypeScript, NoSQL, Agile, Python, Docker",Healthcare,4/11/2025,Remote
Cybersecurity Analyst,Hill Inc,"We are seeking a senior level Cybersecurity Analyst to join our team at Hill Inc.
As part of the retail industry, you'll be working on innovative solutions in a on-site setup.
Responsibilities include collaborating with cross-functional teams, developing features using technologies like CI/CD, UI Design, and contributing to scalable software architecture.","Heidiberg, Northern Mariana Islands",Temporary,$74k - $120k,Senior,"CI/CD, UI Design, Kubernetes, NoSQL, Security, Agile",Retail,4/7/2025,On-site
Business Analyst,Salas PLC,"We are seeking a entry level Business Analyst to join our team at Salas PLC.
As part of the manufacturing industry, you'll be working on innovative solutions in a on-site setup.
Responsibilities include collaborating with cross-functional teams, developing features using technologies like SQL, Agile, and contributing to scalable software architecture.","Taylormouth, Guam",Contract,$74k - $115k,Entry,"SQL, Agile, Python, Kubernetes, UI Design, TypeScript",Manufacturing,3/8/2025,On-site
Mobile App Developer,King Group,"We are seeking a mid level Mobile App Developer to join our team at King Group.
As part of the technology industry, you'll be working on innovative solutions in a on-site setup.
Responsibilities include collaborating with cross-functional teams, developing features using technologies like Node.js, Scrum, and contributing to scalable software architecture.","Port Cameronfort, Barbados",Part-time,$50k - $137k,Mid,"Node.js, Scrum, JavaScript, NoSQL, SQL",Technology,4/16/2025,On-site
Product Manager,"Parks, Hernandez and Shepherd","We are seeking a senior level Product Manager to join our team at Parks, Hernandez and Shepherd.
As part of the finance industry, you'll be working on innovative solutions in a on-site setup.
Responsibilities include collaborating with cross-functional teams, developing features using technologies like NoSQL, Data Analysis, and contributing to scalable software architecture.","Christopherbury, British Indian Ocean Territory (Chagos Archipelago)",Internship,$55k - $145k,Senior,"NoSQL, Data Analysis, Machine Learning, UI Design, AWS, CI/CD",Finance,4/14/2025,On-site
Backend Developer,Obrien-Gibbs,"We are seeking a mid level Backend Developer to join our team at Obrien-Gibbs.
As part of the healthcare industry, you'll be working on innovative solutions in a hybrid setup.
Responsibilities include collaborating with cross-functional teams, developing features using technologies like JavaScript, React, and contributing to scalable software architecture.","Port Alexandra, Korea",Temporary,$64k - $138k,Mid,"JavaScript, React, Node.js, Data Analysis, Agile, Docker",Healthcare,4/2/2025,Hybrid
Data Scientist,Dalton-Branch,"We are seeking a entry level Data Scientist to join our team at Dalton-Branch.
As part of the telecommunications industry, you'll be working on innovative solutions in a hybrid setup.
Responsibilities include collaborating with cross-functional teams, developing features using technologies like Scrum, Kubernetes, and contributing to scalable software architecture.","Ashleyton, New Caledonia",Internship,$69k - $148k,Entry,"Scrum, Kubernetes, UI Design",Telecommunications,2/28/2025,Hybrid
Software Engineer,Garrett LLC,"We are seeking a mid level Software Engineer to join our team at Garrett LLC.
As part of the telecommunications industry, you'll be working on innovative solutions in a on-site setup.
Responsibilities include collaborating with cross-functional teams, developing features using technologies like UI Design, TypeScript, and contributing to scalable software architecture.","East Johnside, Belarus",Full-time,$83k - $117k,Mid,"UI Design, TypeScript, AWS, React, Node.js",Telecommunications,3/6/2025,On-site
Cybersecurity Analyst,Ortiz Ltd,"We are seeking a entry level Cybersecurity Analyst to join our team at Ortiz Ltd.
As part of the finance industry, you'll be working on innovative solutions in a on-site setup.
Responsibilities include collaborating with cross-functional teams, developing features using technologies like SQL, CI/CD, and contributing to scalable software architecture.","Carterbury, France",Part-time,$79k - $131k,Entry,"SQL, CI/CD, Scrum, Machine Learning, React, Node.js",Finance,3/18/2025,On-site
Frontend Developer,"Heath, Jones and Hall","We are seeking a mid level Frontend Developer to join our team at Heath, Jones and Hall.
As part of the manufacturing industry, you'll be working on innovative solutions in a on-site setup.
Responsibilities include collaborating with cross-functional teams, developing features using technologies like Machine Learning, Kubernetes, and contributing to scalable software architecture.","Kristinshire, Panama",Internship,$69k - $131k,Mid,"Machine Learning, Kubernetes, JavaScript, SQL, CI/CD, TypeScript",Manufacturing,3/10/2025,On-site
Full Stack Developer,Wilson-Walker,"We are seeking a mid level Full Stack Developer to join our team at Wilson-Walker.
As part of the telecommunications industry, you'll be working on innovative solutions in a remote setup.
Responsibilities include collaborating with cross-functional teams, developing features using technologies like Security, CI/CD, and contributing to scalable software architecture.","West Margaret, Barbados",Contract,$74k - $127k,Mid,"Security, CI/CD, JavaScript, Node.js",Telecommunications,2/24/2025,Remote
Backend Developer,Sparks PLC,"We are seeking a mid level Backend Developer to join our team at Sparks PLC.
As part of the manufacturing industry, you'll be working on innovative solutions in a remote setup.
Responsibilities include collaborating with cross-functional teams, developing features using technologies like Security, NoSQL, and contributing to scalable software architecture.","Scottmouth, Portugal",Temporary,$86k - $146k,Mid,"Security, NoSQL, Python",Manufacturing,3/20/2025,Remote
Mobile App Developer,"Powell, Nelson and Fernandez","We are seeking a senior level Mobile App Developer to join our team at Powell, Nelson and Fernandez.
As part of the manufacturing industry, you'll be working on innovative solutions in a remote setup.
Responsibilities include collaborating with cross-functional teams, developing features using technologies like SQL, UI Design, and contributing to scalable software architecture.","Millerton, Tuvalu",Full-time,$89k - $107k,Senior,"SQL, UI Design, Node.js, Data Analysis, Scrum",Manufacturing,4/1/2025,Remote
Mobile App Developer,"Morris, Wright and Davis","We are seeking a senior level Mobile App Developer to join our team at Morris, Wright and Davis.
As part of the technology industry, you'll be working on innovative solutions in a hybrid setup.
Responsibilities include collaborating with cross-functional teams, developing features using technologies like Machine Learning, Scrum, and contributing to scalable software architecture.","Port Emilyview, Montserrat",Part-time,$87k - $114k,Senior,"Machine Learning, Scrum, Python",Technology,2/22/2025,Hybrid
AI/ML Engineer,Ruiz Ltd,"We are seeking a entry level AI/ML Engineer to join our team at Ruiz Ltd.
As part of the healthcare industry, you'll be working on innovative solutions in a remote setup.
Responsibilities include collaborating with cross-functional teams, developing features using technologies like Kubernetes, AWS, and contributing to scalable software architecture.","Moonburgh, Mozambique",Part-time,$83k - $123k,Entry,"Kubernetes, AWS, React, Security, NoSQL, TypeScript",Healthcare,4/2/2025,Remote
Business Analyst,"Olsen, Costa and Harrison","We are seeking a entry level Business Analyst to join our team at Olsen, Costa and Harrison.
As part of the healthcare industry, you'll be working on innovative solutions in a remote setup.
Responsibilities include collaborating with cross-functional teams, developing features using technologies like Data Analysis, Node.js, and contributing to scalable software architecture.","Cookville, Togo",Contract,$64k - $146k,Entry,"Data Analysis, Node.js, SQL, JavaScript, React",Healthcare,3/6/2025,Remote
Mobile App Developer,Jenkins-Simpson,"We are seeking a senior level Mobile App Developer to join our team at Jenkins-Simpson.
As part of the healthcare industry, you'll be working on innovative solutions in a on-site setup.
Responsibilities include collaborating with cross-functional teams, developing features using technologies like Python, NoSQL, and contributing to scalable software architecture.","Cervantesside, Argentina",Internship,$66k - $128k,Senior,"Python, NoSQL, CI/CD, JavaScript, SQL, Kubernetes",Healthcare,4/4/2025,On-site
Full Stack Developer,Edwards LLC,"We are seeking a entry level Full Stack Developer to join our team at Edwards LLC.
As part of the manufacturing industry, you'll be working on innovative solutions in a on-site setup.
Responsibilities include collaborating with cross-functional teams, developing features using technologies like Python, Data Analysis, and contributing to scalable software architecture.","Port Richardhaven, Sweden",Contract,$54k - $131k,Entry,"Python, Data Analysis, Scrum, Machine Learning, Node.js, CI/CD",Manufacturing,2/19/2025,On-site
Systems Analyst,"Booth, Murray and Brown","We are seeking a senior level Systems Analyst to join our team at Booth, Murray and Brown.
As part of the healthcare industry, you'll be working on innovative solutions in a hybrid setup.
Responsibilities include collaborating with cross-functional teams, developing features using technologies like Node.js, Docker, and contributing to scalable software architecture.","Cindyfort, Nigeria",Internship,$57k - $97k,Senior,"Node.js, Docker, Python, Scrum, CI/CD, SQL",Healthcare,4/2/2025,Hybrid
DevOps Engineer,Harris PLC,"We are seeking a entry level DevOps Engineer to join our team at Harris PLC.
As part of the retail industry, you'll be working on innovative solutions in a remote setup.
Responsibilities include collaborating with cross-functional teams, developing features using technologies like Agile, Docker, and contributing to scalable software architecture.","West Samuel, Qatar",Temporary,$56k - $144k,Entry,"Agile, Docker, Scrum, AWS, Data Analysis",Retail,4/7/2025,Remote
UI/UX Designer,Johnson Ltd,"We are seeking a mid level UI/UX Designer to join our team at Johnson Ltd.
As part of the healthcare industry, you'll be working on innovative solutions in a on-site setup.
Responsibilities include collaborating with cross-functional teams, developing features using technologies like AWS, Scrum, and contributing to scalable software architecture.","Lake Eric, Mexico",Temporary,$56k - $134k,Mid,"AWS, Scrum, SQL, Node.js, Kubernetes",Healthcare,2/20/2025,On-site
Backend Developer,"Russell, Walker and Skinner","We are seeking a senior level Backend Developer to join our team at Russell, Walker and Skinner.
As part of the healthcare industry, you'll be working on innovative solutions in a on-site setup.
Responsibilities include collaborating with cross-functional teams, developing features using technologies like NoSQL, AWS, and contributing to scalable software architecture.","South Staceyberg, Luxembourg",Temporary,$63k - $132k,Senior,"NoSQL, AWS, JavaScript, Agile, SQL, Scrum",Healthcare,3/19/2025,On-site
Mobile App Developer,"Thornton, Perry and Olson","We are seeking a entry level Mobile App Developer to join our team at Thornton, Perry and Olson.
As part of the technology industry, you'll be working on innovative solutions in a remote setup.
Responsibilities include collaborating with cross-functional teams, developing features using technologies like Docker, AWS, and contributing to scalable software architecture.","Sanchezside, Cameroon",Temporary,$85k - $104k,Entry,"Docker, AWS, JavaScript, Agile",Technology,3/28/2025,Remote
Cybersecurity Analyst,Weeks PLC,"We are seeking a entry level Cybersecurity Analyst to join our team at Weeks PLC.
As part of the healthcare industry, you'll be working on innovative solutions in a on-site setup.
Responsibilities include collaborating with cross-functional teams, developing features using technologies like NoSQL, Docker, and contributing to scalable software architecture.","Port Chad, Sierra Leone",Part-time,$84k - $107k,Entry,"NoSQL, Docker, React",Healthcare,3/31/2025,On-site
QA Engineer,Villa-Romero,"We are seeking a entry level QA Engineer to join our team at Villa-Romero.
As part of the manufacturing industry, you'll be working on innovative solutions in a on-site setup.
Responsibilities include collaborating with cross-functional teams, developing features using technologies like Python, UI Design, and contributing to scalable software architecture.","West Jessicashire, Morocco",Part-time,$65k - $128k,Entry,"Python, UI Design, Security, Scrum",Manufacturing,4/7/2025,On-site
Backend Developer,Griffin Group,"We are seeking a entry level Backend Developer to join our team at Griffin Group.
As part of the healthcare industry, you'll be working on innovative solutions in a on-site setup.
Responsibilities include collaborating with cross-functional teams, developing features using technologies like Agile, Node.js, and contributing to scalable software architecture.","Martinside, Honduras",Full-time,$80k - $119k,Entry,"Agile, Node.js, UI Design, JavaScript",Healthcare,4/4/2025,On-site
QA Engineer,Kane-Pollard,"We are seeking a senior level QA Engineer to join our team at Kane-Pollard.
As part of the education industry, you'll be working on innovative solutions in a on-site setup.
Responsibilities include collaborating with cross-functional teams, developing features using technologies like TypeScript, SQL, and contributing to scalable software architecture.","New Patrick, Togo",Contract,$83k - $110k,Senior,"TypeScript, SQL, Machine Learning, Python, UI Design, Data Analysis",Education,3/30/2025,On-site
UI/UX Designer,Flores Group,"We are seeking a entry level UI/UX Designer to join our team at Flores Group.
As part of the retail industry, you'll be working on innovative solutions in a remote setup.
Responsibilities include collaborating with cross-functional teams, developing features using technologies like Node.js, CI/CD, and contributing to scalable software architecture.","Hughesberg, Lithuania",Full-time,$70k - $129k,Entry,"Node.js, CI/CD, UI Design, SQL, JavaScript, Security",Retail,2/22/2025,Remote
Product Manager,Shaw PLC,"We are seeking a entry level Product Manager to join our team at Shaw PLC.
As part of the healthcare industry, you'll be working on innovative solutions in a hybrid setup.
Responsibilities include collaborating with cross-functional teams, developing features using technologies like Security, Machine Learning, and contributing to scalable software architecture.","Mollymouth, Bolivia",Full-time,$77k - $97k,Entry,"Security, Machine Learning, SQL, NoSQL, CI/CD",Healthcare,4/11/2025,Hybrid
QA Engineer,Smith-Thomas,"We are seeking a senior level QA Engineer to join our team at Smith-Thomas.
As part of the manufacturing industry, you'll be working on innovative solutions in a hybrid setup.
Responsibilities include collaborating with cross-functional teams, developing features using technologies like Agile, Scrum, and contributing to scalable software architecture.","North Terrance, Estonia",Full-time,$76k - $112k,Senior,"Agile, Scrum, CI/CD, Node.js",Manufacturing,3/23/2025,Hybrid
Systems Analyst,"Schwartz, Santos and Christian","We are seeking a mid level Systems Analyst to join our team at Schwartz, Santos and Christian.
As part of the retail industry, you'll be working on innovative solutions in a hybrid setup.
Responsibilities include collaborating with cross-functional teams, developing features using technologies like Data Analysis, Agile, and contributing to scalable software architecture.","Finleyfort, Tunisia",Internship,$66k - $114k,Mid,"Data Analysis, Agile, Kubernetes",Retail,4/12/2025,Hybrid
Product Manager,Williamson and Sons,"We are seeking a entry level Product Manager to join our team at Williamson and Sons.
As part of the technology industry, you'll be working on innovative solutions in a on-site setup.
Responsibilities include collaborating with cross-functional teams, developing features using technologies like Agile, Node.js, and contributing to scalable software architecture.","Wendyland, Jordan",Internship,$73k - $142k,Entry,"Agile, Node.js, UI Design",Technology,2/28/2025,On-site
Data Analyst,InnoTech,We are seeking a Senior level Data Analyst to join our growing team.,"New York, USA",Part-time,$55k - $119k,Entry,"React, TypeScript, Redux, HTML",Technology,2/16/2025,Hybrid
Software Engineer,FutureWorks,We are seeking a Mid level Data Analyst to join our growing team.,"Munich, Germany",Full-time,$88k - $127k,Senior,"Node.js, Express, MongoDB, Git",Finance,1/22/2025,On-site
Data Analyst,TechNova Corp,We are seeking a Mid level AI Engineer to join our growing team.,"Mombasa, Kenya",Internship,$58k - $146k,Senior,"Machine Learning, Python, TensorFlow, R",Retail,2/21/2025,On-site
AI Engineer,TechNova Corp,We are seeking a Entry level Cloud Architect to join our growing team.,"Bamako, Mali",Internship,$85k - $117k,Mid,"Python, SQL, Tableau, Excel",Education,4/18/2025,Hybrid
Software Engineer,BlueOcean Systems,We are seeking a Mid level AI Engineer to join our growing team.,"Conakry, Guinea",Part-time,$80k - $111k,Entry,"Machine Learning, Python, TensorFlow, R",Healthcare,1/21/2025,Hybrid
Software Engineer,TechNova Corp,We are seeking a Entry level Frontend Developer to join our growing team.,"Paris, France",Internship,$89k - $104k,Entry,"Node.js, Express, MongoDB, Git",Education,1/1/2025,Remote
Frontend Developer,InnoTech,We are seeking a Entry level Software Engineer to join our growing team.,"Istanbul, Turkey",Internship,$71k - $107k,Entry,"AWS, Azure, Kubernetes, Docker",Education,3/20/2025,On-site
AI Engineer,TechNova Corp,We are seeking a Entry level Frontend Developer to join our growing team.,"San Francisco, USA",Part-time,$63k - $131k,Senior,"React, TypeScript, Redux, HTML",Technology,1/6/2025,On-site
Cloud Architect,TechNova Corp,We are seeking a Mid level Frontend Developer to join our growing team.,"Berlin, Germany",Internship,$61k - $115k,Entry,"React, TypeScript, Redux, HTML",Education,3/10/2025,Hybrid
AI Engineer,TechNova Corp,We are seeking a Senior level Frontend Developer to join our growing team.,"New York, USA",Part-time,$52k - $109k,Entry,"Machine Learning, Python, TensorFlow, R",Finance,2/1/2025,On-site
AI Engineer,NextGen Solutions,We are seeking a Entry level Data Analyst to join our growing team.,"Sakarya, Turkey",Part-time,$61k - $116k,Entry,"Python, SQL, Tableau, Excel",Retail,2/1/2025,On-site
Frontend Developer,NextGen Solutions,We are seeking a Mid level Frontend Developer to join our growing team.,"Ankara, Turkey",Full-time,$62k - $140k,Mid,"React, TypeScript, Redux, HTML",Finance,3/16/2025,Hybrid
Software Engineer,InnoTech,We are seeking a Senior level Frontend Developer to join our growing team.,"Conakry, Guinea",Internship,$67k - $137k,Entry,"Machine Learning, Python, TensorFlow, R",Retail,2/18/2025,Remote
Data Analyst,NextGen Solutions,We are seeking a Senior level Data Analyst to join our growing team.,"Kankan, Guinea",Internship,$79k - $123k,Mid,"Python, SQL, Tableau, Excel",Education,1/9/2025,Remote
Frontend Developer,BlueOcean Systems,We are seeking a Mid level Cloud Architect to join our growing team.,"Mombasa, Kenya",Full-time,$60k - $118k,Mid,"Machine Learning, Python, TensorFlow, R",Retail,1/1/2025,On-site
Frontend Developer,TechNova Corp,We are seeking a Entry level Frontend Developer to join our growing team.,"San Francisco, USA",Part-time,$68k - $121k,Entry,"Machine Learning, Python, TensorFlow, R",Education,3/26/2025,Hybrid
Cloud Architect,FutureWorks,We are seeking a Senior level Data Analyst to join our growing team.,"Bamako, Mali",Full-time,$73k - $120k,Entry,"Machine Learning, Python, TensorFlow, R",Finance,3/5/2025,Hybrid
Data Analyst,BlueOcean Systems,We are seeking a Senior level Software Engineer to join our growing team.,"Berlin, Germany",Part-time,$73k - $107k,Entry,"Node.js, Express, MongoDB, Git",Healthcare,1/3/2025,Hybrid
Cloud Architect,InnoTech,We are seeking a Mid level Data Analyst to join our growing team.,"Bamako, Mali",Full-time,$79k - $109k,Senior,"Python, SQL, Tableau, Excel",Education,1/18/2025,Hybrid
Frontend Developer,TechNova Corp,We are seeking a Senior level Data Analyst to join our growing team.,"Mombasa, Kenya",Full-time,$50k - $141k,Entry,"Node.js, Express, MongoDB, Git",Finance,4/15/2025,Hybrid
Data Analyst,Next3Guinea,We are seeking a Senior level Data Analyst to join our growing team.,"Conakry, Guinea",Part-time,$79k - $123k,Mid,"Python, SQL, Tableau, Excel",Technology,1/9/2025,Remote
Data Scientist,TurkTech,We are seeking a Senior level Data Scientist to join our growing team.,"Kocaeli, Turkey",Part-time,$80k - $130k,Senior,"Machine Learning, Python, TensorFlow, R",Retail,4/20/2025,Hybrid
